,branch,amount_in_gbp
0,Fylde,13751655047.215876
1,castle_point,13761873160.798162
2,cheshire_east,13800431391.565983
3,devon,13513504501.213326
4,east_cambridgeshire,13912197214.722696
5,flintshire,13665328598.140522
6,lincoln,13836629749.287632
7,orkney,13711153260.016296
