,Unnamed: 0,branch,amount_in_gbp,expense,profit
0,1,castle_point,13761873160.798162,1685099.0,13760188061.798162
1,2,cheshire_east,13800431391.565985,1730812.0,13798700579.565985
2,4,east_cambridgeshire,13912197214.722696,3359821.0,13908837393.722696
3,5,flintshire,13665328598.140522,1735565.0,13663593033.140522
4,6,lincoln,13836629749.287632,1731757.0,13834897992.287632
5,7,orkney,13711153260.016296,3487968.0,13707665292.016296
